node_id,x,y
1342,-13.604978720143208,-112.04484002916683
639,-169.67985382030292,-47.44692284523899
1849,-98.32570622424191,42.65011092279292
1740,-158.0695499858689,45.01184863249591
2773,32.547876826714855,70.53154098423374
1869,-89.63335400760388,19.55682597380587
2826,191.5487340559239,-104.37191242818335
4315,306.10449185607285,-70.77379459858844
5395,386.69312199197975,-99.44847059134781
957,470.1045975583056,-138.96630393235205
5497,50.211064601257476,-74.5358835533425
1334,-32.45365901170999,-119.06647653484129
601,-285.6686134595643,8.473561253691969
2507,72.75454284167199,106.24417756561434
841,97.42492704245069,-69.75531555667658
1623,-47.83829555583861,-83.33475380220898
1038,81.45426230649264,-45.78113374091117
1350,-15.933737762769397,-88.35516622819864
285,36.32473034356099,-101.56906936812129
834,53.348298015203,-8.373168469575148
940,231.4985300246326,-116.63196456718856
3172,370.5370632159693,-75.97934964094225
178,100.55630734184842,-57.45799831398995
2842,64.34545318560777,-43.628174681143264
1618,-31.403777726191038,-76.64041455772121
1363,-33.11286002678207,-101.84343493499205
1290,31.677049136668302,-80.1228250349377
1955,-210.8666001642655,101.54900112672522
2932,241.36555571025383,-101.64807530456574
3045,481.858106151607,-84.55404517282454
180,99.03034854609086,-42.883004149945464
1232,55.00926689638845,-20.621393631150113
1469,47.60061770331913,-103.1787623425214
2329,34.02112124317455,10.329638314747854
5401,346.40855674644536,-66.38527279826371
1719,-145.62194914576867,40.27118774861128
722,-186.65849503834306,-45.81053621874753
270,22.02632078454235,-117.41141446692995
1104,-78.45663615337526,-74.91868849006437
4374,346.1219630820224,-62.673753151392475
5425,-149.34550807946607,-18.36324129055083
546,-43.298637196210166,-16.512394403473536
4312,295.18741322425194,-65.48769529384117
250,131.2268149688898,-105.16151263259917
1997,-378.14727701525,-7.2138426740154955
3785,-272.58251462551516,19.068421430129547
2071,-4.286404190334451,191.9183652679087
161,53.26796073173273,-1.7422370263893754
5359,412.81753295536873,-77.39426556042054
1123,76.82296736297258,-113.08856754188037
1563,280.81416167798216,-70.92960183882496
1507,284.4863492040213,-78.39824415858993
1542,237.41463640298116,-59.89808664888869
4888,-56.09868989923507,-13.216514774986763
4111,41.031332692138676,32.08669283462382
1270,68.13076672058469,-73.78101998539205
3186,325.81288759155177,-94.40122155638574
2924,-9.49591763318449,-92.20502938984282
1419,22.59908952768228,-119.67958790642297
2353,45.844845965824334,26.01257599004407
2316,-3.5217460787016535,28.80833514667188
1545,247.16620053146016,-47.0060417105085
1829,-21.565037541978654,7.141569107593114
4104,-3.4089571020081166,34.25239350741845
3681,-286.96491464340124,18.313046350986042
5793,-393.4596552444941,-10.780947955532838
2733,-12.650071068264424,162.63350924421525
923,139.47857555511655,-64.88596151084494
4248,315.936752829306,-93.53971019511528
5770,-388.8502276002955,-15.17775548860186
2243,-2.007056295334678,92.85564721292667
2560,-48.63899493133977,168.10935025724189
3234,-52.352013344238,-71.47856852405266
2029,-166.83718001624948,-21.5445540687233
1461,74.69893018392577,-31.832792263087185
5152,-17.37951757217661,130.0944004334117
2326,8.666202439465906,0.30494446586271806
3988,88.54364032575313,229.2855355494205
1460,74.48404107632814,-32.28595282801143
5317,475.74571962916434,-139.4654301946964
1785,-40.49546011778148,-0.5914284710963784
5140,17.410854953140642,127.39778958551551
3365,-234.52448462852453,118.18261198140203
767,3.9310805122986494,203.6168155721989
2430,-33.47656639880324,124.01654370921574
1410,-58.432034247176034,-92.90325854807111
1720,-146.07390193034644,43.3545119394289
664,-165.7717863460407,-30.48001711576694
2327,17.273230573096953,-0.77414236286495
3929,18.311300152796775,230.87972186811726
2234,6.0460664496099525,73.13380749884163
466,-193.59232310747075,-10.3385914407163
4115,64.82341677844624,129.48368423581383
1337,-25.253017081080998,-117.04863933762795
3105,403.7270389911555,-123.59461790578462
2320,26.791347535605382,9.841166407773926
2727,93.3769336213636,-100.29145809411852
1889,-104.57045566058059,63.853017090634694
2309,6.124223238437025,43.58992728519206
1630,-100.89163711931042,-85.70943108491406
1077,-12.46024227533644,-35.40741060176106
1555,257.29964217811903,-41.00482133570199
977,212.6480070209218,-31.949905028521243
4236,297.43104776007294,-131.6337886405338
1685,-172.2443262414763,61.163798212117854
3284,-243.26378360970466,18.645111770802714
1242,28.183633936275328,-42.67741518630919
5620,-5.577694077239812,-132.28363738425196
84,195.88864713300154,-26.529279905231306
3165,380.5144285402366,-89.32160164915194
1707,-136.18486484242885,68.53589733512217
3004,385.467694780481,-62.31373261258091
2621,263.82829612641854,-104.85362565454693
1262,61.75925122047465,-80.64455753320317
4537,186.73114286067812,-146.97949048540158
5712,129.0323107934164,-131.8006064000706
1936,-148.66465525444346,78.50977219399806
913,112.07284884668252,-113.66321773567847
234,120.77126383483483,-68.54720214130862
954,280.83865083160435,-105.02042291136763
2545,-30.40630876219575,105.01314957722161
1277,51.51020793271755,-86.98585742900855
3184,319.73107646463995,-83.14921307229747
552,-34.11535654213094,-6.919687039652217
1536,243.6757285786225,-78.06196316516844
212,109.87535295349244,-29.399098449707708
2862,29.905381454002054,-62.79313000532761
5335,100.6089274012088,1.3992040104933494
1431,5.503531473117619,-46.91342112941106
1477,53.79916583916929,-109.868787985582
825,41.62748473949932,-2.806097212053146
819,6.761238426776345,15.100014759438181
1585,130.39890307269798,-95.76569432613496
215,119.08078624754035,-56.03425908030795
3106,387.8344922243814,-116.86018128423825
5134,24.2566777479351,133.9328204738772
2869,7.649365667312395,-54.580815018833846
4835,103.59682559914108,-138.14427828771545
1186,40.81105419402547,41.65853016894221
1215,89.2040481953627,-23.2785180469873
247,129.64610702071695,-87.15282015249568
2146,56.07136933436277,138.32588404056787
917,187.1257940560954,-124.32008811241167
1595,150.60651788633186,-103.41859488997034
5143,22.82212121508701,126.83815759169875
2316,-3.5217460787016535,28.80833514667188
3193,285.0299777375931,-90.7162828975354
3817,-120.44069423966175,-27.353465308347495
1346,-35.17485552744802,-81.95731359547744
805,82.63791257540015,48.727362051771934
4325,300.4245510080218,-63.06533532592607
1512,279.54222768558157,-81.10769859151787
5488,176.70142350304195,-102.9884023189461
4208,272.97434489289753,-126.42437889923849
5510,-253.12173813754953,73.63149063306491
5496,29.27087031923338,-57.43885300247098
5256,178.2384215902821,-114.29589462745344
184,105.50667530893315,-48.74937117240961
692,-61.64419895095989,-36.37327906847236
5416,121.99941749932259,-80.24903531383802
2837,55.5754830849005,-25.57460283989076
2090,-20.109211345271888,224.26300203194774
5456,77.38946042331963,-117.82016332073317
5270,305.02708455178254,-120.95475345486898
1428,7.324794503905196,-43.126165485330375
4642,66.12768302264521,-134.34824101474442
852,85.32335591477204,-81.0650502916892
193,128.70469957820478,-17.40405096116433
2825,185.1882368462575,-103.6297298105344
4822,113.3940765283678,-96.72337487208756
4474,234.70886036224874,-31.114734366522725
738,-100.0582778664807,193.7395005777878
4074,45.439371253764875,234.69749954736085
2564,-56.336386827532806,160.00612829999864
1285,14.43904290789078,-68.19867858007183
4197,162.51262638485514,-68.73305099670551
1652,-38.36091540323832,-49.54710680548624
819,6.761238426776345,15.100014759438181
1459,69.52418768570305,-39.273116748033544
4374,346.1219630820224,-62.673753151392475
39,237.71592333770423,-63.24430901277583
4804,142.18640425921603,-94.41289417079929
1234,57.01483305391139,-37.76973775033298
205,125.42350045936564,-42.60810103559015
1262,61.75925122047465,-80.64455753320317
4370,358.39582790262284,-81.74704032728414
4317,309.87479748675105,-73.84131252853376
1532,255.49761051471432,-71.3579796689769
5747,-205.88981171088835,-90.51124900120021
5423,-2.7235774130544996,-21.140632355491334
5488,176.70142350304195,-102.9884023189461
4123,38.22759692397631,185.77370964996294
103,135.03499944020678,20.444995447120846
5558,0.02139484006966086,-137.3618579844649
4817,123.33041498583316,-94.91106003594587
4372,367.4827563733843,-82.55749006963424
422,-65.74961417384839,-28.155638068952385
1066,-22.533725149261045,-34.829464393623994
149,67.7619994403376,6.6755447914670185
5613,-32.84891920691871,-115.54755831631701
5235,141.6005456191242,-116.31894418700608
4523,228.28232661488528,-145.7537615924914
3179,340.0743158630976,-77.9352435523549
2809,177.96784564578047,-110.70222664018411
4642,66.12768302264521,-134.34824101474442
4470,345.4882409584443,-45.47239313018849
5684,-171.83363140402935,-67.10916417065027
3673,-257.4445096523473,-14.540643931627073
2833,199.353554960343,-98.76508033616642
3189,305.64240394229455,-77.5371123673333
5420,-82.23414209145449,-101.97629687008111
1281,9.746247910568854,-81.8851287477994
228,130.31885256003443,-60.60096919251782
2160,76.93486412132597,119.97406620018296
1957,-214.93825293065038,95.44247912720039
3942,40.527930057934554,229.18597860972136
1581,109.80022138288314,-28.689776046129282
529,-80.6990013855384,-5.752367927962496
3973,68.32995151007344,218.4140259489111
5378,433.70869680050873,-68.54243094276012
2282,-5.784653543274999,44.77925995389273
3357,-217.73345756110257,112.1073465382151
336,-35.22025841035111,-90.96654655030511
4377,365.93343383592673,-64.70720502580411
4784,67.35524327445046,-20.216784671083133
82,180.92260927219013,-8.204340201142031
2790,97.15738598470534,-25.62779084196245
5047,68.51925725893716,42.757028229184925
416,-49.099139827850195,-30.888037053209928
4659,100.36785870966969,-120.25234881913502
4649,20.621269722148554,-46.703928090101954
857,42.15707354598089,10.285535199345759
4544,78.132216533877,-125.51953759428056
5706,152.27414257132568,-132.7707136794786
841,97.42492704245069,-69.75531555667658
5687,137.15684789365878,-120.02621238254778
4237,290.86650216503403,-128.18987391980363
5263,215.38651281792954,-116.97995116568313
10,291.54098282965333,-29.028221468705397
386,-55.17301491401122,-37.422592545944326
5058,-28.78344132354414,39.24771639398841
1302,33.045475304944375,-17.318105267860346
5714,119.60536091028007,-135.63114243265
1221,209.7623323125008,-97.38526961178604
5210,-68.1271923646209,-120.74129447165615
4896,-111.68972333515467,11.698903678162878
1373,-8.240761057425516,-103.92592306454844
2289,-87.36618022960647,46.612361216755744
1990,-317.33582287460695,116.19255808350567
1293,39.17455832658243,-87.47307182799364
2992,370.400859558099,-61.243234985751315
4429,-234.37285726172695,-61.79955095907076
1241,41.54594773518011,-52.05382203889553
1385,-201.24075906294183,-97.05513889798681
1233,63.480209516850664,-34.74152290333109
434,-107.29872352481925,-29.11552203028873
537,-67.56886690561942,-12.82831828005078
1783,-105.88058563207642,6.858017949055238
106,128.78856366534455,35.265373772983594
5231,133.62179364995063,-114.45911672025704
3087,432.91368823571975,-120.27306569935286
1451,149.36696318679242,-148.5364960124689
2238,6.149768594746547,73.7121645994066
1622,-72.69401823085673,-73.77714817658057
331,-63.781267626216504,-69.33756919862662
4710,433.9053913081234,-72.43015645918945
1069,-39.5400833248691,-29.73834122713629
5779,202.99437168414352,-126.13493181673971
5780,-55.2672296861474,-124.86529383733591
5563,-222.1807963044107,-34.40847286117605
1159,260.18660356728014,-37.50793955005088
5404,75.75695775334952,-45.0646365127659
1628,-98.63407565766784,-80.37501678813669
4804,142.18640425921603,-94.41289417079929
4609,11.291327037746214,-126.67782532881961
1217,84.93265277597811,-24.187239682288464
1457,69.05019356919411,-35.40276517941493
925,147.50132392659907,-68.756982326267
2277,-18.502866458788958,49.028594783723065
3023,406.43556400613306,-61.22087215408146
1463,68.0444975349028,-27.166738692958006
2884,-209.15768825635269,64.92447792591747
917,187.1257940560954,-124.32008811241167
2345,64.25566627259786,20.295200220841252
3195,274.42830320304984,-92.97338718116407
2185,116.91507197575174,116.01701550637245
2406,-81.94807352842281,156.843040006946
1217,84.93265277597811,-24.187239682288464
5298,431.0507782448949,-151.27659257159235
1566,257.2389823017829,-40.50681103500119
181,99.53465432870416,-48.05212314226537
1407,-34.630328013268354,-96.85673541591018
2300,-69.21719492506008,58.35354474842666
525,-73.10528298199279,-19.631613586525873
3080,422.0560420349939,-104.24745521176146
1782,-154.11758990154294,19.99860661017715
431,-101.19933867540021,-30.094845718584565
949,303.4821793420642,-109.36974826529854
1147,332.79270144765724,-40.529404662932166
5264,237.50579948951236,-117.29348125207684
1128,74.75419011279382,-90.22328807522149
4192,186.65399339106625,-119.34758601595195
2259,-33.24456228990539,74.06694882487409
1197,193.8630816593286,-44.25920485021402
1209,182.36222634802834,-53.33483071161595
786,94.14135285512702,47.46963664711507
2797,213.02327192323446,-87.52291910764325
1117,75.86359071057905,-102.59588686904044
2989,354.212364154826,-57.094017273110694
4788,99.1848185709423,-44.97942034239395
4452,99.94221855089154,-116.11335351679418
297,46.62014571405916,-93.86756025771251
1824,-48.20141266227347,16.65794065125465
2030,-130.62778755366526,-28.256094707890725
1969,-193.2397608072688,92.98766527778707
1814,-67.71174111612208,38.734255590088196
781,81.59750096561584,56.624527660200556
2727,93.3769336213636,-100.29145809411852
994,216.30220826415643,-69.0071730619743
5448,81.21091540785119,-100.83722575224033
1630,-100.89163711931042,-85.70943108491406
4824,83.51729504598597,-122.80119145094636
4544,78.132216533877,-125.51953759428056
2731,19.845494014995893,179.23230531637364
1450,146.88450683198243,-146.43597712073006
5201,-86.97498177661146,-113.20640757544038
2909,-63.758101182179416,79.66632541401577
2984,345.3632961552539,-55.766702474385056
4812,127.31772579409972,-98.46836645470194
1020,102.01478671343102,-4.776661406848689
1794,-15.754728679112304,10.198506266234062
4664,59.98246650199553,-108.21212777878054
1155,279.7861470620328,-24.124464877764694
2055,-164.61589454301293,171.81545564735939
245,126.1644451389684,-86.73839116298973
3814,-184.60023250172117,-21.0255020325817
4506,-234.88205442034314,67.7421558685653
822,43.62898806790463,-4.0500825561532565
1361,-26.90905697299604,-104.00122863977708
1420,42.83464953697694,-120.78920973682398
2066,-50.80221562178622,200.22390872472965
2758,369.9305659203528,-31.81074228725788
4867,-40.58315880720966,-39.93885029405169
3237,-65.09436619178541,-33.73119410348818
3169,383.22545127205285,-68.75854119278642
1389,-168.22172773695456,-114.17185676874965
5250,136.1179357713263,-110.54001923478063
1691,-154.0315305981112,63.34276888713384
1413,-33.90526878123683,-103.41923423775324
5537,200.24374089228877,-161.42934648972278
1507,284.4863492040213,-78.39824415858993
409,-7.905517628136749,-50.30954935479963
1597,130.94861732359368,-101.83631970089345
1269,68.87708756198845,-81.59084615185634
4425,-295.9509822270725,64.27443969332194
488,-200.08911733213608,48.14587332259589
71,276.3255748829479,-55.82595629221737
372,-53.356271502071195,-53.26155208430623
2848,41.18462063942707,-49.003012795963514
4324,297.25977682136636,-62.767297988345035
2391,-73.77236215388257,112.73762947151658
235,119.71163753218661,-62.57160139605571
4410,78.48962157659298,146.60726826374116
4663,62.0811136138077,-108.50667065880475
2745,26.069670051328558,115.44892357562571
4820,129.92904121905667,-90.29129407337587
2693,155.4364621589002,-82.82580430830126
1563,280.81416167798216,-70.92960183882496
1286,20.12247254705062,-72.18720498752191
2872,5.9279049086708255,-49.76638389680966
4840,97.98101024574453,-144.5183479012992
3232,-41.742651298817236,-73.08362270510656
2903,-119.78441918310409,-82.42833920026646
1726,-146.87503302526466,23.593219075093202
2939,28.282349336946936,-129.27138455880595
2200,95.4591490051439,63.56042117681841
5229,129.06558080657396,-115.24633546272526
2063,-67.4593968875306,201.77903924102748
2844,64.84731920134163,-48.109184970882325
2623,254.29477126662914,-103.8123880478579
243,119.09539936254987,-85.89249194638683
212,109.87535295349244,-29.399098449707708
162,56.34633697756681,0.062431889920162575
836,48.00075173921823,-4.761328758280342
4766,69.50391987522926,26.064801953684537
5680,50.17600546468475,-132.1129979840473
675,-109.37023236413006,-36.09987377808943
2768,344.1469737426369,-29.820856510963267
833,50.760393389451565,-8.068755483955783
60,243.29700300612149,-35.60531251958082
1038,81.45426230649264,-45.78113374091117
4378,365.7765313759701,-63.09996478849871
2484,29.840732642647254,133.0839792024026
1212,84.61158208333518,-21.062981110434748
2985,345.01439883584044,-52.340805815658996
1107,-95.42666640407606,-86.64826082759191
3149,363.7688622241476,-103.19513073771304
1153,282.0533156078918,-24.318390917049555
1433,20.519287196918867,-45.721127764073344
1235,59.077033144559664,-55.598888321151435
355,-80.92534129464593,-51.80337637704952
1415,-70.48214518755003,-96.60096525516587
5500,49.21588984542177,-78.99888577958131
1607,86.48366303891771,-91.74398116326734
4767,94.7902789979621,22.835428131954586
2600,174.80380179303847,-79.2902547881663
5627,-11.54680394337447,-103.42140267916102
2859,25.519585624841966,-22.536805256188472
5469,240.1110649928887,-31.811446256920817
67,270.02323780859115,-53.39773309202201
1279,62.56781302044965,-88.49713409635478
5512,-254.72259359846475,83.803428838826
103,135.03499944020678,20.444995447120846
2880,-184.03819562584067,61.14297536592153
336,-35.22025841035111,-90.96654655030511
1163,259.68729362591694,-29.56468163268869
4792,110.41882154021414,-34.509392464348366
4519,250.31546770803197,-131.52825728112703
1522,254.1013834706746,-101.2837951760448
1294,6.957570686307918,-57.58237744571534
4316,301.13203882814105,-77.10252134654434
4607,-18.326809442214653,-124.77708541759284
5514,-253.46616941658158,75.66834027303548
5612,-32.40818017186575,-119.5645856012959
4109,83.8905644073975,-68.02332729346517
3340,-123.66884932926268,90.63223413848414
123,106.428472256845,11.277914380010316
304,-20.36601955302058,-78.67332647389844
1096,-134.75751850807774,187.05246587259057
2061,-66.89180604513422,197.88092162117232
2931,240.56293670021296,-93.40640511353195
4775,53.57716472397669,12.6810917109824
4548,-227.76046221486286,-39.71993930593953
123,106.428472256845,11.277914380010316
2910,-64.1653156316006,81.93363505749949
2274,-26.059085100595894,49.63867928698119
1434,17.32541874787421,-41.25111667579404
5485,166.71146761056661,-98.61230603925969
3202,180.65973204507736,-24.222624208087154
1809,-49.1316079356252,25.120977529346874
2044,-133.90578088669918,-47.457987362013
5163,-63.71443004283174,178.47859893201553
1051,-42.29030550694142,-16.65880241723744
4864,-41.86793941727683,-63.75136143405393
5066,14.78797711021707,39.740423555900634
995,216.6719122445329,-73.02979540906335
184,105.50667530893315,-48.74937117240961
1433,20.519287196918867,-45.721127764073344
5638,-145.58549683846422,-104.6571437489547
4246,322.3554891026906,-113.40680039571203
190,124.22293035229359,-19.965510136030844
4528,160.54730020788156,-176.13051612288996
1059,-25.38571064038024,-12.003566467235487
2770,359.20137920098114,-34.82687180841435
468,-196.45550804717686,-22.447667808346523
236,113.28923455919949,-62.718001209307204
4316,301.13203882814105,-77.10252134654434
805,82.63791257540015,48.727362051771934
1294,6.957570686307918,-57.58237744571534
1848,-86.07834494667077,36.73129638838941
4821,107.26265402773697,-95.97689747880918
189,125.14493822480199,-23.380058647551095
841,97.42492704245069,-69.75531555667658
273,22.033804467425853,-114.34928637919438
2692,152.0207177342545,-83.85321244392958
2877,56.08703045091033,-30.123650387847192
2601,178.710968322217,-79.52664267425985
5480,103.48182538139235,-30.420718722715492
5329,430.14999446658476,-135.2391228928227
3164,379.88222874096937,-81.08420736802395
1172,242.29827308173662,-20.185246495297406
2338,47.72961477225863,22.227498547402547
3794,-255.22773987289656,-33.58986486765002
3835,-311.444915790762,-18.641723648714105
5609,-49.292075446652234,-124.24223296506716
4642,66.12768302264521,-134.34824101474442
2841,57.59193740576711,-42.76554549674279
1784,-50.65992208090347,4.4516347320518435
4849,12.43527868357296,-106.84171144065363
2351,46.37189597915949,25.365226060089526
412,-18.93209821162327,-51.332908844922486
1311,239.28517699623808,-158.96795072664645
1600,126.98732694103091,-101.27582813427057
1611,21.752779866219498,-111.33919905020775
4663,62.0811136138077,-108.50667065880475
2377,-44.05211462319903,97.71654175689127
2197,71.37792855635871,74.54217657484514
2860,33.73368471913682,-23.503113988823998
2324,22.521265222916554,-1.45794494434449
4665,54.361444469859634,-113.01248111326868
3343,-163.1498120510655,95.31749006733276
2592,-108.05300932796581,-74.44497993515483
1349,-22.542613219342456,-83.87944019627002
292,29.63011101458642,-97.54289674253869
5477,102.5384165284845,-27.237464588200964
2324,22.521265222916554,-1.45794494434449
2760,370.5511237561341,-39.675545111487736
2374,-42.84938401430372,88.94301939065417
1427,3.7061972477404197,-42.55334054689479
429,-102.98032621098082,-15.028525427725299
1720,-146.07390193034644,43.3545119394289
2782,31.817361602979872,79.00409211292981
4031,19.33746381075025,273.3298255050721
2856,34.64131877503178,-29.691693295837922
989,217.01976827376893,-76.74298531823342
1447,158.554013171306,-116.9929313540963
2282,-5.784653543274999,44.77925995389273
4085,-25.038105664677914,237.72178812510765
3215,83.67844559644254,-124.40925765354609
2787,27.545479846559374,56.97884493297124
962,186.11194039543898,-61.63659265759702
5244,155.38618999404935,-110.56582186906394
1237,66.254506481936,-56.64712721115325
5131,-9.887310660475578,154.2888833996219
5534,189.60851581256156,-124.68906491162898
1717,-121.6695463629726,42.38395567731072
494,-180.51276552318404,19.31987500377909
1830,-55.71821551383891,10.958623090212313
4208,272.97434489289753,-126.42437889923849
923,139.47857555511655,-64.88596151084494
2920,-27.522078386450175,-94.6118283146252
836,48.00075173921823,-4.761328758280342
2209,96.70819624418709,54.91428862881003
707,-163.62416595084233,-48.49773112482012
4043,-9.113476340020497,274.4312919517216
4226,313.32630523206626,-124.94781052032772
2595,-110.66472819044657,-78.28779993448507
1345,-22.145990828559206,-88.0586074658147
406,4.0848901343661055,-62.346295224158894
2844,64.84731920134163,-48.109184970882325
4825,86.07964322355883,-120.2172381320836
864,68.80132598753107,40.127503291654875
3254,-205.4560074278852,-26.99199419279148
581,-129.5369401927578,91.45027177985367
5197,-74.59050643767068,-113.87072407977871
5668,46.869913637657646,-120.6281912292643
1956,-212.9475999454762,85.16767935950134
4846,22.939286554973023,-117.57403300027181
1616,-8.942788718284191,-75.6221182110769
4226,313.32630523206626,-124.94781052032772
5422,-39.244406670016815,-29.5909275871752
2789,29.006368709182425,46.975233997264695
2523,-4.148432384075932,109.77476718000776
5204,-80.33571823894363,-114.50355314226772
5233,130.07893272655838,-115.07889645411592
919,162.4784639774707,-71.39280555925257
818,7.141551180417082,11.579867733706351
2863,23.82536339813987,-70.93669475781371
5058,-28.78344132354414,39.24771639398841
2862,29.905381454002054,-62.79313000532761
5282,393.8122516713365,-142.70644092067482
260,65.2154703321853,-114.48874155049612
2340,37.22288438446594,23.50885932165579
3059,475.55827917658644,-75.42392399632149
1130,106.15587313635342,-54.50729033991024
3640,-292.42104884406126,-21.442530700197494
73,278.54906200994174,-56.00588530214054
1723,-120.72493764478986,35.65683246414346
1367,-7.977650473974791,-106.90192450973268
3045,481.858106151607,-84.55404517282454
4427,-80.70110696164784,-86.2974392835647
5597,-44.91766556923449,-113.66433440559513
185,103.46276008363475,-14.893454831595363
4594,369.21433475578397,-145.6734217486553
1908,-84.01140259893918,62.579244646095276
1199,199.61918438502562,-45.045092619939396
2819,180.86686792296223,-111.02445982051267
2575,64.88767852518185,166.67460382824925
867,49.43530638045013,33.91710513650628
2305,17.43349829147428,39.40698024124299
1184,49.514704710102706,45.71856488259368
438,-127.2091146118164,-10.306000544120707
2168,99.18538712141071,125.99167112035116
2330,30.581337363363218,-10.048709779598084
4182,-100.13779016242961,-113.26601144002439
296,8.160175160550352,-94.7947326444123
2422,-56.78427950260357,131.95737967205287
1049,1.0150774108815313,-6.261192243274991
332,-73.26958730033175,-68.52562308135202
5259,192.6636775648849,-123.49561659874234
237,112.90945860823513,-59.07716958433821
1316,292.66945679779565,-178.4175326358686
549,-26.518467220644197,-2.526153009684549
3099,410.75632360873806,-133.56667184729213
5275,291.1525388564596,-131.03185638855985
396,-30.148074927814832,-49.65800271739863
1438,-168.329119401752,-59.510150450124456
4805,152.90665168849137,-92.6257960502735
3345,-199.45725884714147,100.53281225293722
3137,355.36983746169335,-115.445095325809
2117,28.350452073757424,267.14548553406166
717,-147.01599597343102,-40.80555019107305
1161,251.05275862851522,-21.162578796950584
4628,-67.44898603086358,-130.3259643893689
1613,43.895621884487355,-108.4586587788574
155,65.63061406887664,16.206692388636156
3051,464.3465682742544,-83.30819214010921
1531,252.64112193176788,-82.3032982921602
3637,-293.9959161279585,-11.526097941718035
2864,9.855503335503727,-70.57536596763043
2078,5.398372502830625,194.97827255813536
5044,124.922930206616,77.7159842375288
5695,160.4441025929491,-119.7311298250238
4561,-208.98175457536627,-66.44463228171912
3381,-235.3239481518708,84.06617907218833
1213,91.25422797197825,-23.88006512405741
5709,147.04395237258814,-125.9052149053689
2853,35.307808819396996,-34.93823159617159
1287,9.304591394972704,-78.21744719064532
2726,100.47772965492095,-99.50543602125276
4778,72.31413049133425,-13.010897112759949
247,129.64610702071695,-87.15282015249568
4632,-115.8298342840908,-109.10622269680766
1464,86.37657840061411,-35.975184380134806
2302,29.558233311873664,43.030934809069095
5162,-64.02522233402397,180.21487669147223
1934,-151.20395500558334,93.78787684710414
4842,83.86206002581412,-126.32198876427424
1107,-95.42666640407606,-86.64826082759191
697,-113.44596753340329,-46.496752365277416
344,-84.86431477628776,-77.03234991966951
4000,66.99776609267883,245.70180610876105
5267,249.23659500671965,-120.24671882353596
1792,-0.3240796936638617,4.3386263167108154
3488,-328.32916192884795,134.91966144592402
641,-173.28573746068878,-41.18478373308608
5461,-12.645665122011906,164.13695561053487
4102,-37.699668711230515,46.191114317773554
2766,344.8062859316751,-37.60418340104775
4827,104.68857119311588,-133.5170646825061
780,76.99687580486352,69.72633916969062
665,-166.40661817815544,-25.070347689645814
344,-84.86431477628776,-77.03234991966951
5342,105.38160017145856,-1.0736097187514133
7,303.0013215653271,-33.916618476161375
916,192.67195243817423,-124.87587438608602
473,-269.8259287526889,69.41584662505488
4735,365.9036120412875,-116.86442928916631
5069,22.73287405518431,6.2074051253507605
1451,149.36696318679242,-148.5364960124689
2339,45.67436126253642,22.48761789353921
3229,83.99357890069905,-127.67355139845267
4924,-374.57283570075606,85.84564185358522
853,74.10840829017434,-82.29583857909415
1151,273.75910816680243,-23.570762818743106
4787,82.23468036260329,-52.19700733798982
2266,-55.38211003150309,68.48430065026878
5455,104.57979344049227,-116.71244942838939
187,112.6318900732067,-15.730226975960477
2944,24.443852188642268,-49.45891442763991
4735,365.9036120412875,-116.86442928916631
229,130.16829599094217,-59.10922270994047
4796,119.04530454381984,-74.20075024794664
3005,398.40818380630844,-61.606557140843734
398,-28.933651552259107,-59.619588566415814
3070,444.77114829845414,-113.72719649857868
923,139.47857555511655,-64.88596151084494
675,-109.37023236413006,-36.09987377808943
264,120.65164192461361,-140.03613305741283
1293,39.17455832658243,-87.47307182799364
944,263.7166532579686,-103.32713698812654
5112,-66.90009360576369,138.85642838482954
1366,-0.8380933094035754,-101.99598514700415
3140,356.3341157799696,-96.85151298320397
3133,348.4063528013303,-113.51769085816863
1250,9.656994265141293,-26.006424131603353
393,-39.535308467945015,-40.174137240084974
2842,64.34545318560777,-43.628174681143264
859,54.42846317896192,3.420601545463569
351,-108.07709688962541,-47.38328639080828
1541,243.11160143412144,-71.71702289088353
1230,54.056499539303786,-13.070636827662838
2423,-65.15868865700531,128.89676179668595
2712,-11.249940583073567,-44.61380551423531
1351,-15.155111571302768,-85.008618442027
1999,-369.4127218208896,50.156441345031226
49,225.7300758969377,-51.82942497562249
2627,339.86465226736163,-127.42109229686116
1725,-119.82848439212194,27.361441415182526
1347,-21.60329241223235,-93.12871208072079
1112,-190.81187814899522,-77.88468098862063
365,-59.781065586981185,-52.294094892466774
4588,353.59997747360467,-128.6461727687597
2756,25.80596981616509,111.53955333314889
1079,-25.473234963037157,-42.420117015573396
2904,-124.70417647768727,-86.30196693525954
3017,401.72699203295633,-53.397470251645245
5366,403.00521770241085,-65.43211992944725
307,-16.195951814974705,-75.1961739598546
1191,192.7091886517528,-33.70981872788775
221,135.08670193464604,-54.54136420118812
491,-203.9788900893127,36.28723673373793
5150,-16.404942844369998,124.125768361577
1538,249.05312686128946,-64.26982935862975
4827,104.68857119311588,-133.5170646825061
1236,71.6672408823274,-57.33792374275322
1167,280.12684660824925,-27.814019230905387
1432,28.214169478806525,-46.753080483344775
4262,294.41343010948185,-106.648791463424
2317,12.175273274805932,28.242835829898922
5068,24.649954423110557,5.0293902653997975
5469,240.1110649928887,-31.811446256920817
295,39.69863176457466,-92.88837662173319
312,-26.898640131981665,-77.3368215300568
2661,41.77344133234374,150.17440644550652
5796,-59.28344518211816,-125.26267519031103
4221,299.2776443773473,-115.32221937978352
2325,8.177028845152563,3.9301878884255075
4653,142.98518128361775,-137.73395077076862
2546,-45.311823097310025,104.63923343757824
369,-60.8196655925085,-59.2564612300298
2581,-138.89104053793426,-79.05725915999824
858,50.026735251784885,2.2300400056144554
243,119.09539936254987,-85.89249194638683
3215,83.67844559644254,-124.40925765354609
1248,13.933870340946669,-18.169221982722092
5284,407.2985086615827,-148.00443537834622
688,-76.0513204956319,-43.71345338783317
1444,129.30330532296102,-122.01225231157287
2315,-4.215846710254027,34.34845247922976
125,94.93635316592463,22.427204868365607
835,48.188792937633025,-6.072370557798422
2609,219.2093464641539,-101.21586848639049
4981,-425.3910232932567,74.68047201560103
5708,156.18693612271363,-127.23645138388815
3195,274.42830320304984,-92.97338718116407
221,135.08670193464604,-54.54136420118812
2979,334.11557602639095,-54.76213843588789
2438,-43.87397883858421,150.96514384861985
1787,-27.27431625201143,3.0706198781203966
4257,302.3680504285685,-99.43993890931392
2907,-63.27191830594484,82.35766233037339
2376,-36.47677991285536,97.05927770221501
4419,-206.22690390893513,-66.96136192964309
1317,310.36096777826515,-144.44454213603558
1301,19.760266365675307,-68.94337618614463
4680,-179.13098541206546,-69.45315416891981
2836,60.79242695461835,-17.888462868324496
4802,147.1011276219342,-89.16405314673216
161,53.26796073173273,-1.7422370263893754
2679,366.78647254638054,-77.35340612156756
4257,302.3680504285685,-99.43993890931392
1840,-84.61506661384692,25.436714994653585
5460,-27.850487589027125,182.6108309578808
3656,-240.54337848310797,-60.61007232768338
796,109.96437022354712,62.052022831135446
2127,-5.129716112810911,195.9433660683285
1448,140.35758538768096,-119.50567527247586
3740,-341.8725775333114,74.60043431324084
57,229.20218352618303,-41.266003111655664
814,22.3906710163119,6.009793405159144
2233,-9.74286256044752,71.52940276241065
1806,-30.25007045822167,22.616005741354684
104,133.75586263931473,5.82258137997519
4610,-5.700789945352426,-131.61369573029015
4119,43.0671628798209,185.28182109241266
372,-53.356271502071195,-53.26155208430623
1813,-54.944629092863124,25.90105150283739
4806,141.97212755524743,-91.4087108267363
4447,-165.16493577133133,-91.58211730405424
1461,74.69893018392577,-31.832792263087185
3818,-88.97705319919896,-33.96269236523631
1296,6.691753668843376,-47.0778400229467
4349,392.68861757003833,-107.67518223844172
4197,162.51262638485514,-68.73305099670551
3,316.7966383649009,-42.98843663327807
4291,433.8592399620775,-135.56657234943236
955,275.6127387151837,-104.56338070501238
1545,247.16620053146016,-47.0060417105085
1552,267.2781490415491,-70.49423199723742
2797,213.02327192323446,-87.52291910764325
4788,99.1848185709423,-44.97942034239395
202,138.16059152057733,-51.75450206655432
4590,363.3336752116402,-129.62370983562982
239,128.00202993350376,-69.40977286178918
4265,277.7813703047568,-96.7560747360667
4213,263.0148234009321,-119.99729616027503
5701,150.90810601990506,-119.96535690755695
70,279.4730580090445,-62.077705929487365
2205,73.79901141424034,58.68312233134998
1279,62.56781302044965,-88.49713409635478
5223,-120.20774294289686,-76.65523718032796
5467,26.398270001127457,121.83145808020527
1349,-22.542613219342456,-83.87944019627002
4914,-298.92389227677813,91.16335189034226
2345,64.25566627259786,20.295200220841252
823,35.22922321118858,0.31597147981710805
5747,-205.88981171088835,-90.51124900120021
371,-38.091072258454005,-62.70269986496601
2029,-166.83718001624948,-21.5445540687233
5761,-220.08551044504793,-84.92689284920812
1623,-47.83829555583861,-83.33475380220898
1528,240.44110099967475,-92.07099412922753
1109,-191.59796023447188,-69.61363485851052
1105,-83.59556507540583,-88.66973452560842
2565,-64.52639145148396,174.64615276197128
1034,241.1776060515258,-99.52713561443989
1485,42.95750525527319,-62.68820806450026
782,74.06814836998456,57.48683453030935
1306,212.22821595793084,-127.15618054777406
4461,468.20966094491087,-53.867642904668855
331,-63.781267626216504,-69.33756919862662
2996,358.5935188200083,-55.192670726910364
4215,253.58733855456467,-119.00531386276543
129,96.7991938235773,28.50144733746015
4826,104.46999032421672,-130.5938078518211
2602,182.84262884322743,-80.0588145676461
31,331.60868862443294,-84.10217667438064
2214,72.92582902493496,56.379016808589995
3083,426.79622304557324,-107.09341974097197
5597,-44.91766556923449,-113.66433440559513
4314,302.32310908981617,-71.14020625922876
3789,-259.65685311935977,2.952787062082052
4789,121.511318337808,-24.351302788318662
4096,5.61622896605877,54.72325492043319
4662,64.65620892175366,-108.86680991246271
850,91.66974766762951,-82.5372640737387
4426,-147.93968175468262,-31.3635180988324
5080,106.19913746966768,-84.29092873556488
419,-59.585686453589005,-34.71722929798102
5234,137.06540858013886,-116.82915436646795
3030,406.49816697468304,-42.93580238319055
4686,352.1739590573088,-56.976981208872076
5458,104.1793266207701,-101.72925067868255
1334,-32.45365901170999,-119.06647653484129
159,79.44549533663167,-7.94043600058626
5661,22.70647704972771,-120.51777412920319
4484,55.79587188656615,-75.90771500872961
4589,364.28224859175134,-145.24116776307596
162,56.34633697756681,0.062431889920162575
2312,30.832558215548488,33.42929311259377
4253,302.4118971957714,-92.3436563037767
2171,99.73349704860902,122.21011272742612
2350,64.87394790576536,20.797919567275812
5607,-62.30055483331034,-114.94732288978344
429,-102.98032621098082,-15.028525427725299
3241,-207.77587721063492,-7.912324231874891
4191,122.38148645042384,-108.87195593642605
2933,241.7526958492699,-106.68347200825815
4283,450.0041430772335,-121.66589147222271
4254,306.6675794023313,-98.30909967415255
